altitude,speedAccuracy,bearingAccuracy,latitude,altitudeAboveMeanSeaLevel,bearing,horizontalAccuracy,verticalAccuracy,longitude,speed,time
688.59131332107,1.1890660524368286,-1,46.65404045762625,638.3525361604254,-1,8.908537923022475,12.228780746459961,7.873638181228596,0,1737567786000619800
687.7373417813257,1.1880238056182861,-1,46.65405190319939,637.4985646206811,-1,8.096746688801675,20.093141555786133,7.873633154046308,0,1737567787000598800
687.418210496492,0.8161018490791321,-1,46.65405507058625,637.1794333358474,-1,8.579350456011046,57.384796142578125,7.873633336184558,0,1737567788000601900
687.4192563523835,0.9669972658157349,180,46.65406618832859,637.180479191739,85.92106134347083,8.436159196236437,41.153175354003906,7.873633605987332,1.5213013887405396,1737567789000604700
687.5253790043789,0.9719716906547546,-1,46.65407000475318,637.2866018437344,-1,8.485863595542096,42.25492858886719,7.873653196707726,0,1737567790000583700
687.5253790570423,1.0866973862547142,-1,46.654074692987585,637.2866018963978,-1,8.598327928793164,42.25492858886718,7.873652331724575,0,1737567791000580400
688.0412525553256,0.9735915481973405,-1,46.65410775875264,637.8024753946811,-1,8.152672309404444,47.10736083984375,7.873660975643519,0,1737567792000588500
688.2375298459083,1.1146647360421031,-1,46.65411256571817,637.9987526852638,-1,8.063833817840527,22.32973670959473,7.873660299792775,0,1737567793000567000
688.3130231713876,0.9441663026887707,180,46.65410910393459,638.0742460107431,134.36835276942918,8.56649157637439,59.81700134277235,7.8736692649409346,1.2254848480224383,1737567794000569300
693.9101823111996,0.36687311534475375,24.257473846225647,46.654112211309155,643.6714051505551,140.55280126949128,4.552746264727889,7.786787509918097,7.8736608855540675,1.2254848480224383,1737567795000587000
692.9788788249716,0.38932549957021867,26.888987527533267,46.65410932922105,642.7401016643271,130.29585239145732,4.472253330587691,7.23383021580646,7.873676553040805,1.1732107400893979,1737567795971313400
692.7875568335876,0.5212445855394569,36.734840407507484,46.654107590365264,642.548779672943,125.99936347467718,4.478397166594938,7.21537380275305,7.8736823667391835,1.149743676185589,1737567796973182700
692.0482189944014,0.30801571398435723,27.072284388605933,46.654095830217706,641.8094418337569,133.47993443628155,4.419556615365703,7.486891942402459,7.873694555674699,0.9219037890434167,1737567797975062000
691.6887123500928,0.40616729859582246,28.290635185923993,46.65409326083024,641.4499351894483,139.93491475265722,4.748651530191902,7.14511886988301,7.873703067855649,1.1633218526840017,1737567798976683500
691.6628209725022,0.4296476841209562,29.926106637598686,46.65408532290148,641.4240438118577,133.5752035661121,4.748651530191902,7.167453849698789,7.873717142908987,1.1633218526840017,1737567799978196700
691.6973794661462,0.3401260972414918,23.690689445919254,46.654076569772556,641.4586023055017,140.52660029235722,4.748651530191884,6.805489778855948,7.873726641342539,1.1633218526840015,1737567800979617000
691.6512365415692,0.34921684865260316,24.135375031439573,46.65407247766908,641.4124593809247,132.25339827464632,4.748651530191884,6.763991287063817,7.873740707482607,1.1724079847335618,1737567801980944100
691.7272129934281,0.30801571395054095,21.532353318518872,46.654066000197176,641.4884358327836,135.00238503296046,4.748651530191876,6.644464954053393,7.873751212857365,1.1590949296951103,1737567802982190600
691.9103550948203,0.41012877230189004,27.866510843284168,46.65405874247076,641.6715779341757,137.24637528775355,4.748651530191879,6.573035479348564,7.873763366175717,1.1925463676452428,1737567803983354000
691.936451593414,0.30801571398432137,20.928361557277423,46.65404931804507,641.6976744327694,141.6091169838965,4.748651530191864,6.284406247409723,7.873774796992674,1.1925463676452428,1737567804984448300
691.9439077265561,0.4094465971489741,27.312469495528653,46.654040230266126,641.7051305659115,135.05975898738845,4.7486515301918635,6.177787476939585,7.87378773121712,1.2147136926650781,1737567805985480400
692.3217280991375,0.3481496573149143,21.141168887853418,46.65402705965533,642.082950938493,133.60686949539217,4.748651530191863,5.760387565184087,7.873803880711833,1.334364891052217,1737567806986439400
692.6208845339715,0.3080157140750973,18.70406042849301,46.654017244429575,642.382107373327,138.93997596966753,4.7486515301918715,5.928501222430419,7.873818721303323,1.334364891052217,1737567807987342000
692.9896591044962,0.30801571391853466,18.78648559141665,46.65400778133941,642.7508819438517,134.40000456055333,4.748651530191843,5.410852384517099,7.873829989956413,1.3285104036330888,1737567808988182300
692.9589867955074,0.3080157139135045,19.93307319247106,46.65400333560591,642.7202096348628,144.11646570418674,4.748651530191832,5.379172431006124,7.87383784713366,1.2520920038223025,1737567809988969000
693.8006412992254,1.1566282229648834,58.296819252044216,46.653996202677035,643.5618641385809,118.48975106805305,2.4027253922261482,3,7.873862755998628,1.5529608822263952,1737567810989707500
694.0533050149679,1.2761116037121276,64.35518052805546,46.65397736101698,643.8145278543234,158.44976072775384,2.000000006437355,3,7.8738616807297275,1.591265217940329,1737567811990398200
694.1012337449938,1.1708635409203079,79.05060155581148,46.65397335207155,643.8624565843493,141.24804897364172,2.000000003069713,3,7.873872226771902,1.182954898890959,1737567812991045400
694.4785948377103,1.1734503549104378,72.78425542033908,46.65396169827334,644.2398176770657,148.95301144134945,2.0000000062746843,3,7.87388008008843,1.3063805328394593,1737567813991652900
695.0108108660206,1.1821125592883526,82.11377657725214,46.65395246983107,644.7720337053761,140.80982585659225,2.0000000107103966,3,7.87389415383578,1.164597686532035,1737567814992220400
695.2628187565133,1.1822326378894428,75.37317305960167,46.65395489754228,645.0240415958688,101.0847047578193,2.064649033106577,3,7.873919427819197,1.2707846802820575,1737567815992751400
696.9274634988979,1.2994321488799319,87.29336994190791,46.65396127100341,646.6886863382533,64.80002516459766,2.05387418784315,3,7.8739320995702435,0.9854390389527242,1737567816993248000
697.4029532326385,0.7783296602275523,57.93650844403586,46.65396776668115,647.164176071994,39.09038305866374,2.046177877574198,3,7.873941499455953,0.8529444325851933,1737567817993714400
696.6047016065568,0.9496956279507818,79.00855497932463,46.65397888192676,646.3659244459122,24.954285302858896,2.040405636108447,3,7.873938139430412,0.8345801855240105,1737567818994150700
697.908088022843,1.1027162177718741,58.13046795705389,46.653992101905224,647.6693108621985,17.94338416549353,2.094020743421702,3,7.87394372461389,1.0812501104714312,1737567819994562000
698.0017998339608,0.9930131274933979,63.39418016639001,46.65400428080094,647.7630226733163,15.46535399537986,2.108954141126326,3,7.873950627810174,1.1498461220454945,1737567820994943200
698.2243725759909,0.9724997764152413,81.03350532454319,46.65401227394672,647.9855954153463,4.519977517887583,2.0990492171588158,3,7.873947659716472,0.8810103667462629,1737567821995301600
698.1525486130267,0.9300760525713027,92.9557130198578,46.6540235558871,647.9137714523822,355.65533203591866,2.171375341430962,3,7.8739462625789605,0.809892365101021,1737567822995634700
698.7366248974577,1.266899908667093,98.56418592608445,46.65402860752649,648.4978477368131,15.736115078353755,2.2080900488683675,3,7.873952882854035,0.4187059389030161,1737567823995948500
699.1221322994679,1.2010803376875527,89.93546448040169,46.65404276368065,648.8833551388234,22.266861992953736,2.2579998620321318,3,7.873959989742626,0.822297236498376,1737567824996241200
699.0394453145564,0.9340632977643052,72.25195308172388,46.654056685437595,648.8006681539118,15.187264687840367,2.2407998669645344,3,7.873962438090189,1.0322586342293965,1737567825996515300
698.1130406986922,1.115146077745577,45.91865456663713,46.65407357915298,647.8742635380477,8.045194644904589,2.2407998590516662,3,7.873962627489761,1.390871532869779,1737567826996771600
698.2830309197307,0.6134241702183321,42.47757421762136,46.65408055405984,648.0442537590861,359.84924605225115,2.2257498657624457,3,7.873958755930989,1.0007645092325976,1737567827997011700
698.6642479915172,0.9585251936599603,66.3176420445854,46.654092655794294,648.4254708308727,356.0558367850212,2.2124704662311405,3,7.873955400353169,1.157621042675496,1737567828997235700
698.3495192630216,0.9793030524882267,61.53787453664233,46.654107473872536,648.1107421023771,354.2103476032596,2.211480916362985,3,7.873953047217597,1.2718295878137178,1737567829997444600
698.5128202177584,0.9722686886429198,68.88229414963511,46.654118365252245,648.2740430571139,358.44607300857757,2.200350346125255,3,7.873954149122762,1.1429911877615575,1737567830997640700
698.7716895099729,0.9840725557703857,69.58129720924317,46.65412975238323,648.5329123493284,1.6564309525084102,2.2261143771609007,3,7.873956058251863,1.1173331414886005,1737567831997824000
699.5580331087112,1.1026544595010324,47.48201214849086,46.65414893319025,649.3192559480667,7.10747264696197,2.2167503635114025,3,7.873963217018004,1.4641113434056245,1737567832997993000
698.7475564880297,0.5339864851072367,40.04795723748382,46.65415709684617,648.5087793273851,8.781515743882748,2.2059128514143507,3,7.873965254692036,1.043582737137616,1737567833998153200
698.2877877112478,1.0698520847503035,55.57604341147619,46.65416913787713,648.0490105506033,12.928262254989933,2.2311785895253897,3,7.873970907321278,1.2308885705274095,1737567834998302000
698.4810929251835,0.8660554171304834,62.673693551251105,46.65417820215196,648.242315764539,14.879549722320682,2.2845615334040477,3,7.873973348952993,1.0731541058600034,1737567835998440400
698.6074758851901,0.9990142711643435,80.88269809286484,46.6541879293002,648.3686987245455,15.387332181593564,2.3705984937321287,3,7.873975045054261,0.9902716716012815,1737567836998570000
698.7169978842139,1.0381668131848076,86.92331938069658,46.654197509629164,648.4782207235694,8.497819793617802,2.352068566683021,3,7.873972083595169,0.88678850549892,1737567837998691600
698.8174786875024,1.0472062909155957,64.19652536260956,46.6542119981597,648.5787015268579,5.664774156612014,2.3344651395389406,3,7.87397316855352,1.1635445423519688,1737567838998803700
699.1113187652081,1.017995975044125,47.38200224048435,46.654231817388414,648.8725416045636,359.2216686665819,2.3281165981520977,3,7.873970706807959,1.5578994166188365,1737567839998909200
699.1163611989468,0.4398727212471381,35.76287761083399,46.65423780305814,648.8775840383023,344.0009222660703,2.357844318044616,3,7.873962590862688,0.9879752792340039,1737567840999007500
699.424636409618,1.0381026230466297,62.05192058511103,46.65424789536482,649.1858592489734,342.9278005008431,2.4795893316089668,3,7.873962216914327,1.1481801936430687,1737567841999098000
699.1797053953633,1.0098776296885184,66.81748563535513,46.65425880406636,648.9409282347187,354.5657660248371,2.4784437855410677,3,7.873972542369599,1.126950776389561,1737567842999183400
700.4748765630648,1.243435571817339,43.43213929754376,46.65426993138555,650.2360994024202,359.8631659417803,2.4909651108029793,3,7.873979851277891,1.1026139166260256,1737567843999262000
698.6788288047537,1.0889027995080787,53.50562681904144,46.65428285277474,648.4400516441092,357.90347208961254,2.466416849320307,3,7.873979418274091,1.2659280853116273,1737567844999335000
699.2168996222317,0.9618705032507343,56.99211205797899,46.654295721075236,648.9781224615872,352.9911920306097,2.4862499666847726,3.038316639511311,7.873973170497019,1.355557774489958,1737567845999403000
699.2693988457322,0.9573170452246011,63.716975798222734,46.65430499529443,649.0306216850877,358.50863756207684,2.4619374536078285,3.048318464703834,7.873973633094089,1.1932070422283336,1737567846999465500
699.7284526564181,1.067361528017176,62.67046764231403,46.65431605959937,649.4896754957736,355.5299983376082,2.4628411138442954,3.0808862975855376,7.873966798065553,1.0960372306164408,1737567847999525000
699.9282587887719,1.1132372209651409,60.63842647739093,46.65432835046712,649.6894816281274,356.3059732767233,2.4465081747039505,3.0897341502171747,7.873966564028461,1.0835870834301309,1737567848999578600
699.3319006664678,0.9588954818905853,66.32598596043076,46.65434312450697,649.0931235058233,354.85892181538617,2.4297119992975795,3.0650912107223696,7.873963617941406,1.1474069206030268,1737567849999629600
699.4901467366144,0.9644449528611979,53.669956463445196,46.654360374717164,649.2513695759699,357.4896424985907,2.438037444745171,3.0821987763531635,7.873962354285636,1.41102658114559,1737567850999675600
699.5368917454034,0.976173011900481,55.19976781896445,46.654372074683415,649.2981145847589,358.55201176055897,2.4161355692000472,3.0100444180100827,7.873961655959346,1.3688563787217445,1737567851999718700
699.8093045167625,1.0358242989698971,55.47371526551391,46.65438288318536,649.570527356118,350.2037175585043,2.395328786110591,3,7.8739528654838224,1.3082144163414449,1737567852999758800
700.6586484191939,1.181922347981,43.434216762512136,46.654396014925325,650.4198712585494,347.1349920746938,2.375562345264304,3,7.873947980760582,1.319579097013752,1737567853999795000
699.9336750488728,0.9141356032052873,54.31707608615788,46.654408431436174,649.6948978882283,345.94610148025566,2.356784236534816,3,7.873944858120697,1.3461110076883953,1737567854999829000
698.5700632100925,1.156865807432468,43.949521652439834,46.65441968198674,648.331286049448,341.63769831449076,2.339493877490028,3,7.873936273417205,1.3236085852954043,1737567855999859700
699.3107325108722,0.9653376454491365,61.07333631621818,46.65443058029746,649.0719553502277,336.6291587560486,2.322519181712839,3,7.873927718996341,1.2663079239956845,1737567856999888600
699.6391563843936,0.9839452819999147,65.12778013863846,46.65444209161273,649.400379223749,342.30178007693024,2.3063932237853884,3,7.873925837650268,1.1596779159295285,1737567857999913700
699.8209933266044,0.9773018849886805,65.03617635993646,46.654453120643616,649.5822161659598,344.8009204222319,2.2910735587076383,3,7.873922549902042,1.1784365292692323,1737567858999937500
699.7943560080603,0.9632970274847712,64.94715774319909,46.654464995957234,649.5555788474157,345.9188090135402,2.276519879059461,3,7.873917618566354,1.199776742217737,1737567859999959600
699.4573512179777,0.996664928010063,87.37473755306148,46.65446899505991,649.2185740573332,340.7456889934146,2.26269388429533,3,7.87391347798406,0.8492331492030111,1737567860999980000
699.4443444246426,0.9560866348440631,92.62343146364552,46.65447662503894,649.2055672639981,331.3191726188256,2.2495591880618147,3,7.873904864272461,0.8146586127047731,1737567861999996200
699.4675933886319,0.9450401515281562,78.58337043593926,46.654488011926446,649.2288162279874,331.7662742304535,2.2370812201108934,3,7.873896087348562,0.9726015981298088,1737567863000012000
699.5865816120058,0.9447022244013061,60.93133648652621,46.654502572943386,649.3478044513613,333.8428344053357,2.2252271497471288,3,7.873885662674563,1.2563091255194845,1737567864000027400
699.7889396809042,0.9510304812926967,56.005068253121074,46.65451613677114,649.5501625202596,338.30046052490223,2.3218374966016535,3,7.8738790060814985,1.375949189028205,1737567865000040000
699.7662138510495,0.9508562558052867,60.102460103735886,46.65452797623477,649.527436690405,343.2024991612796,2.3057957726715173,3,7.87387654185126,1.2745979431736039,1737567866000051500
699.7662429660559,0.8791942237231986,56.030702186063486,46.654539201050255,649.5274658054113,338.9129474521929,2.290505982810164,3,7.873869289579052,1.2570701724181172,1737567867000061700
700.4065914945677,0.9711385042014057,62.03033188670512,46.6545497551494,650.1678143339232,336.4502509260789,2.275980681868879,3,7.8738624106047865,1.2298272070744138,1737567868000070700
700.8543403092772,1.0183189829287356,66.67581269023471,46.65455985360713,650.6155631486326,336.35920865004397,2.265708019933692,3,7.873858911973599,1.1206850223483247,1737567869000077800
700.7900055823848,1.0303750949504218,72.34992115573482,46.654566697905494,650.5512284217402,336.27822319435035,2.3333617905671544,3,7.873854534747475,0.9889040665090605,1737567870000084500
701.3147522620857,0.9623179527248569,65.33835271699712,46.65457966189691,651.0759751014411,338.6752831263166,2.3555958426121895,3,7.873846023259538,1.1820092368558872,1737567871000090000
702.0782226184383,0.9967288321933895,54.729822456283856,46.65459365782502,651.8394454577938,334.6143641722049,2.3868841608453146,3,7.873834226571065,1.3707978684945814,1737567872000095500
702.33436526265,0.9672664890187211,56.6483902720262,46.65460721837083,652.0955881020054,336.9597029142917,2.423852514262531,3,7.873829969989929,1.3616105040342716,1737567873000098000
702.6030986551195,0.9741576578440533,60.610968304725034,46.65461948359298,652.364321494475,343.4903233591792,2.4746892156807703,3,7.873826586121301,1.271394925994942,1737567874000100400
702.3979604039341,0.9583892988358544,56.28317430419426,46.65463254783761,652.1591832432896,343.25191300733894,2.4586213341217875,3,7.873818696396089,1.3785053355753762,1737567875000102400
702.6161665068939,0.874513481443499,45.65517894484376,46.65464733899708,652.3773893462494,343.7400389143095,2.49836196739652,3,7.873812499500295,1.5291516649599624,1737567876000104200
702.6451550014317,0.8169975483494981,59.99232848530896,46.654654144810024,652.4063778407872,345.1862151847713,2.49665038252887,3,7.873810611000163,1.096192963146528,1737567877000105200
702.7004379760474,0.9665924656357527,69.42063232184609,46.65466597987422,652.4616608154029,347.0171158497679,2.47320797993395,3,7.873806893719798,1.1055579061978353,1737567878000105500
702.2943606711924,0.9717453501975399,60.510149492146915,46.6546809507164,652.0555835105479,346.1088385476329,2.4699327506295115,3,7.873804127064986,1.2504873194821833,1737567879000103700
702.9674967117608,0.9774299779218691,58.87899787073182,46.654693946431166,652.7287195511162,343.21311658105634,2.4643072334125202,3,7.873797051527734,1.2699469241153933,1737567880000102700
702.724069878459,0.9614442398063722,71.59653084018119,46.65470439231251,652.4852927178144,337.24927906352764,2.46653197299529,3,7.873787976748303,1.0881281105625256,1737567881000100600
702.8762046284974,0.9327426057519198,56.44336826293255,46.65471534135701,652.6374274678528,326.0606322481987,2.469073119513617,3,7.873770711605588,1.3389018722343033,1737567882000098300
702.6983799990267,0.9531476930339902,54.0559221033183,46.65473045329342,652.4596028383821,333.5150862558852,2.445619461819967,3,7.8737658076958805,1.4155095197708591,1737567883000095500
703.2752759233117,0.9418462746199648,49.311902080216456,46.65474160463718,653.0364987626672,334.7785863572969,2.4428166408277274,3,7.873757720105795,1.347036962241984,1737567884000092000
702.9928239956498,0.9619522752260695,55.33490475055422,46.65475264608166,652.7540468350053,334.6449960953241,2.439010997276689,3,7.873751270285203,1.3787205478954199,1737567885000087800
702.1713464092463,1.0939627486312247,53.87759299568419,46.6547586200932,651.9325692486018,337.03206399497805,2.4170604525680273,3,7.873747199346932,1.2081811592395362,1737567886000083700
702.5727430433035,0.9644826924249791,79.97948512207338,46.65476569015805,652.333965882659,342.11954260247495,2.415977933141558,3,7.87374614745947,0.953256492433254,1737567887000079000
703.4039281699806,1.0228035350381017,75.57983693294291,46.65477620082834,653.1651510093361,343.81706486969654,2.3951790361747793,3,7.873744384717867,0.9596911714917997,1737567888000074800
703.1904048789293,0.9470650900992371,61.73335807043268,46.654790560226196,652.9516277182847,338.40667699149765,2.375420082576197,3,7.873735419620029,1.242856385077033,1737567889000068900
703.0178107917309,0.9552451177829565,55.82674162921921,46.65480533966027,652.7790336310863,342.5084946141594,2.3566490792241197,3,7.8737325984546676,1.3720898512544935,1737567890000064000
703.4291714671999,0.9139367280802287,47.53541281408213,46.65482051419367,653.1903943065554,344.8808373841839,2.3388166352358306,3,7.87372600889967,1.453278646925349,1737567891000057300
703.3749649506062,0.9444789969582029,49.60706820922417,46.65483442947032,653.1361877899617,340.9461083573846,2.3218758101076293,3.02011020380285,7.873717386433673,1.4429233584808154,1737567892000052500
703.5846115425229,0.958803521994138,47.25542951073952,46.654848850506674,653.3458343818784,339.15963930905247,2.3057820237718474,3.007849899003247,7.873709509264749,1.4988526563949232,1737567893000045300
703.8491738308221,0.6843256218774241,46.25898501083936,46.65485816524939,653.6103966701776,335.421949521202,2.2904929270147676,3.1905683039991617,7.87370313348274,1.128918316858565,1737567894000039700
704.1990079032257,0.9864894733576691,47.44593634950214,46.654873125530116,653.9602307425812,335.79779055161816,2.2759682693897,3,7.873694714215643,1.5477890063507387,1737567895000032800
703.8892078502104,0.4751375448945566,35.714284641278056,46.65488037421159,653.6504306895658,334.7673417423031,2.262169850063022,3.2205460758822952,7.873690892720868,1.0731860088532694,1737567896000025000
703.8530079377815,0.9343006405814103,73.36715255983917,46.65489083041968,653.614230777137,339.692761198983,2.249061355272014,3,7.873687220326931,1.0311149897590934,1737567897000018700
703.7853211564943,0.9472340513763052,56.36369331187991,46.65490744814801,653.5465439958498,339.6686167580236,2.2366082817728,3,7.873679059537017,1.3602044207697273,1737567898000011000
703.6629254091531,0.9522057111741142,50.39930501407013,46.654922295171254,653.4241482485086,336.982017185795,2.2762942970976874,3,7.873668097299695,1.5308676005309696,1737567899000003600
703.4598704492673,0.7660327905624037,56.36783586179931,46.65492900068599,653.2210932886228,338.0222159725124,2.2742765918414785,3.0191134671374353,7.8736650198660145,1.100327981924685,1737567899999995600
703.4982124939561,0.8907495967211544,65.774952840129,46.65494099497981,653.2594353333116,342.5628654161167,2.2605627627786022,3,7.8736607082374075,1.0882317442988338,1737567900999988200
704.3688317220658,1.045018455293015,44.90365285949395,46.65495768825457,654.1300545614213,342.6002347933066,2.247534626541162,3,7.873651214941576,1.3308731670231007,1737567901999979500
703.9785141795874,0.9962165107038817,52.89653568912575,46.65497405700098,653.7397370189428,336.32435304292505,2.2940059985001846,3,7.87363712344689,1.4611405089015927,1737567902999971800
701.7323537077755,1.2933398793748234,43.59000816616813,46.65497455393352,651.4935765471309,336.5350552419902,2.3000433727060594,3,7.873635559002092,0.9236842653617445,1737567903999963600
702.0965563375503,1.1021021994269644,70.89371722413333,46.65498467632836,651.8577791769058,335.964879290969,2.285041205609665,3,7.873627787191088,0.979762651436048,1737567904999955500
702.0327471131459,0.9667378617901292,68.83942376457249,46.65499852646591,651.7939699525014,334.0209559860958,2.2920928252915083,3,7.873615867252015,1.136679156948983,1737567905999946200
702.1217797659338,0.9747245068237217,65.54849945684064,46.655014801384965,651.8830026052892,339.7120969701118,2.2774881843512302,3,7.873608649837962,1.2045287488739624,1737567906999938000
702.3930441709235,1.0200562738806525,82.95051671060304,46.655021018417926,652.154267010279,343.50504764058036,2.274313458540378,3,7.873607140229356,0.9108166413907555,1737567907999928800
702.3181304344907,0.9750961141133769,62.39686574827257,46.65503849661076,652.0793532738462,343.30703478547395,2.2789852135520765,3,7.873600196617415,1.2451946077767981,1737567908999921400
702.6183063490316,1.0122757984814041,59.08966887372414,46.65504852333,652.3795291883871,340.3195503681183,2.2650359526334665,3,7.8735932368327175,1.2691818892880562,1737567910001705700
702.3157621352002,0.9743500411978967,61.102405669522035,46.655059916395665,652.0769849745557,341.06414725355967,2.251784160293037,3,7.8735884995499985,1.2895639056202814,1737567911001720000
702.1357482252643,0.9804410671797542,55.817150460457334,46.655074072255864,651.8969710646197,342.5434524020689,2.239194957166684,3,7.873583767878925,1.3992980926797904,1737567912001599700
702.1408086623996,0.9718656313957423,53.84216694095995,46.655086674083336,651.9020315017551,342.7623565660595,2.2272352190220834,3,7.873578196238415,1.461915878802475,1737567913001496300
702.9914548620582,1.0487419630133212,60.14371743697966,46.65509206710805,652.7526777014136,338.1653899907123,2.2158734206637725,3,7.8735745978345815,1.2089867392006373,1737567914001398000
703.1843591462821,0.9976792659893678,64.6313473253377,46.6551014912121,652.9455819856375,330.56796508457415,2.239535601345289,3,7.873564082876549,1.168499187125288,1737567915001280300
703.831500582397,1.0577806371020906,55.685819108459214,46.65511270585033,653.5927234217525,326.77234144327895,2.4247200811756677,3,7.873553390011609,1.3029241166752614,1737567916001189600
704.0187308620661,1.076282707153182,55.33878270009089,46.65512631303292,653.7799537014216,330.4353314231493,2.6835112596901833,3,7.8735477707069315,1.373458791004554,1737567917001098500
703.9830086911097,1.1777484386967185,60.80100581980248,46.65513992258844,653.7442315304652,331.58383278533506,2.845363699873718,3,7.873543244145131,1.3863031960414096,1737567918000983800
704.6345862019807,1.204503337326259,53.413191733347986,46.65514925126198,654.3958090413362,359.39610325972023,2.8078612821428037,3,7.873564056558927,1.0229484687837958,1737567919000910600
701.9657406006008,1.3003795153068596,48.766592664850236,46.65515631008192,651.7269634399563,12.643381443280045,2.8009080670611435,3.0278672414876646,7.8735748847880025,0.9337010990140537,1737567920000838700
702.5656592631713,1.1724597473650729,77.98380177269323,46.65516430757375,652.3268821025267,359.37467631886545,2.804678455527179,3.098445598659789,7.873567725632734,0.8440767844224871,1737567921000749600
702.9358156118542,0.9883767161361094,97.24628371823654,46.655169989045824,652.6970384512097,352.68080824909373,2.7644445308492376,3.178044216092053,7.873561478782455,0.822789898095988,1737567922000691000
702.2747928984463,0.9880514128561423,117.97036441662841,46.655173966688366,652.0360157378018,338.2120527731776,2.7371712185348445,3.1824632867356493,7.873550885904263,0.6371557200641221,1737567923000635400
702.4100513234735,0.9907536048817094,74.74837757894873,46.65518898172123,652.1712741628289,342.3770155531582,2.8045005432104517,3,7.873545688161006,1.031755765125184,1737567924000556500
703.3679713821039,1.1034846354511114,45.15429032301698,46.655209362767955,653.1291942214593,353.49661675964245,2.8031938290435616,3,7.873549630355425,1.5576675291254465,1737567925000486100
702.62725488469,0.5719485803629224,41.11808641503943,46.65521762711028,652.3884777240455,8.987047625996722,2.837213009622955,3,7.873557765677601,1.129527126287219,1737567926000420400
702.3622074760497,0.9703763034429785,63.76413998820827,46.65522923399055,652.1234303154051,8.497724773790646,2.919485651682401,3,7.873554779856875,1.2290093563987516,1737567927000357000
702.9514668928459,1.0781250712032489,78.1001119358072,46.65523418300908,652.7126897322014,6.259384595356276,2.873511355186796,3,7.873547190283674,0.9355871257484666,1737567928000298000
702.1658627595752,1.375592860548767,96.11570148417061,46.65522736891566,651.9270855989307,17.62436665362831,2.9433767930101187,3,7.87354503750548,0.3410744829400281,1737567929000241000
702.425217919983,1.053022729662821,118.99999015034054,46.65523499833965,652.1864407593384,38.90894630611431,2.8962079523260784,3,7.873554475688907,0.6187218177518572,1737567930000186600
702.6550215901807,0.970028842923815,74.54778293255637,46.65524303211439,652.4162444295362,50.29272275644144,2.863844962324672,3,7.87356985217531,1.0323922999164157,1737567931000136700
703.3494024313986,1.0799828017435968,55.83480591076972,46.655250154335064,653.1106252707541,56.38049914239424,2.866073964516229,3,7.873582930542048,1.227676377135462,1737567932000087000
704.2580856569111,1.140096637779663,54.75226885696268,46.65526069517971,654.0193084962666,56.57951539207992,2.8575970311914407,3,7.873590229206641,1.1504666391309344,1737567933000040700
703.9415502017364,0.9622801733999721,74.54579193989441,46.65526731523456,653.7027730410919,62.23108430028922,2.8836517001276354,3,7.873601724930554,1.0213539260185027,1737567933999997200
704.1217696648091,0.95157378739205,60.12018160527582,46.655277921469754,653.8829925041646,62.312178183020045,2.914034246162171,3,7.873620852412468,1.2744800591672105,1737567934999955000
704.6238273428753,0.9812276125102695,54.11767125016187,46.65529159605344,654.3850501822308,55.90496055792631,2.8989808314196215,3.0273226385989314,7.873635557357777,1.3535234155774765,1737567935999915000
705.8126079458743,1.1931015362951873,47.0541714092647,46.655295701945164,655.5738307852298,59.390579615416854,2.883612807704926,3.0930178730726516,7.87364570992031,1.1008102747704707,1737567936999876400
703.6354392301291,1.2436726366988162,68.78788963666503,46.65529738337945,653.3966620694846,59.939822899926604,2.878841844643262,3.1136036457411116,7.873654338038388,0.7386236724599144,1737567937999840800
703.8902244744822,1.16359248364492,117.7368056958779,46.65530326137562,653.6514473138377,41.60331473748881,2.873955220068585,3.2166839751837215,7.873658721245273,0.4891037168806694,1737567938999805400
704.2468076618388,0.9565833872181642,89.24433777129683,46.65531207428413,654.0080305011943,38.340687044008504,2.910713500300634,3.3562580786529734,7.873671668337252,0.8520430223880587,1737567939999772200
705.1029400173575,1.2059756222144595,81.62988914007383,46.65531147155825,654.8641628567129,50.88840009199517,2.909495185238136,3.3443326193375285,7.87368563289514,0.6957987874039769,1737567940999739600
704.9497272213921,1.2459837894998806,154.917558924393,46.65531317277983,654.7109500607476,49.078501632371676,2.864020417297591,3.401239593659441,7.873692715785663,0.3575007785230288,1737567941999709200
704.6551102045923,1.053946033568392,97.2169031372896,46.65532684514564,654.4163330439478,353.4820443057758,2.8208194057071796,3.1268950822418247,7.873686402329633,0.8735345331617266,1737567942999679700
704.7582630207762,0.9756621662623488,48.728912473510945,46.65534737261473,654.5194858601317,349.0970711922574,2.825817891795583,3.1597896653353152,7.873683517705235,1.620494473485604,1737567943999651300
704.5898073501885,0.4751149392213412,34.48750500136318,46.65535465427044,654.351030189544,343.03974419445234,2.784526971499246,3.0944496485038817,7.873675587644201,1.1140056740794295,1737567944999623700
704.4012061990798,0.9280698636011613,50.95554193575773,46.65536663376068,654.1624290384352,330.15142171684516,2.7605904846084965,3,7.873654127015652,1.4725352282108903,1737567945999597600
705.4789310600609,1.0504313761117359,49.55285892211697,46.655376693171064,655.2401538994163,325.61076008237285,2.7283771218053183,3,7.873644275610009,1.3448599140895565,1737567946999572700
704.7168528316543,0.9576473895584969,64.03308105452149,46.65538600497119,654.4780756710097,323.1746020783255,2.6919582675244835,3,7.8736367480945635,1.1973371803531878,1737567947999548000
704.6883117826656,1.0028938115258734,62.60328928359828,46.655400402705595,654.449534622021,329.61019596624465,2.6888403369488314,3,7.873634208881171,1.1927976423612972,1737567948999524600
703.7904873602092,1.1458455212217762,56.099729289938104,46.65541571382134,653.5517101995647,350.9420313407836,2.6788671222200633,3,7.873648735946672,1.0084631431721403,1737567949999502000
705.5403452804312,1.0049997887544064,50.83359784735725,46.65543948653035,655.3015681197867,345.45833392170186,2.644923765218423,3,7.873637974410403,1.5372538542069623,1737567950999479300
705.5308260144666,1.0106783727596498,55.47230471683112,46.65545154357528,655.292048853822,344.620292380802,2.6863898569936757,3,7.873632586497705,1.4315267572169204,1737567951999458800
705.718895740807,1.0286682395702402,69.19899646806564,46.655457681004656,655.4801185801625,339.65251609904516,2.6623213102380845,3,7.873622022313526,1.1227458738822271,1737567952999437000
706.2563305301592,1.0817294687627532,83.41723391851866,46.65545790513461,656.0175533695146,323.7317841666954,2.6935048095489322,3,7.873610298860056,0.8104917389238725,1737567953999418400
706.3600581018254,0.9900785337050487,86.22217436211041,46.6554584238688,656.1212809411809,312.7147095514802,2.665428965111504,3,7.8735896656195035,0.8947286663015147,1737567954999398700
705.7055113026872,1.0729795845155912,61.51777330770158,46.65546657048051,655.4667341420427,306.5110667307152,2.7019115132062503,3,7.873572269191066,1.1426136498631478,1737567955999379200
705.4892865130678,1.0096580395751402,59.54791373390212,46.65547273271116,655.2505093524233,299.36718808159566,2.7173294817055345,3,7.873551780875987,1.2116047439769855,1737567956999361000
705.3944148039445,0.9777600921838948,65.10726796053042,46.65548026021384,655.1556376433,303.3163136215525,2.681463004489423,3,7.873536060703169,1.1495012265945477,1737567957999342300
705.7391228862107,0.9546689231893017,66.46627215237446,46.655492318434476,655.5003457255661,319.3533260118865,2.64738985211999,3,7.873526564038966,1.1548623991044824,1737567958999324700
705.5286908224225,0.9541878256985832,58.31681438692167,46.6555052650942,655.289913661778,322.80521276998735,2.6150203591456886,3.003520376121728,7.873512642154449,1.325773017548229,1737567959999308000
705.4260793691501,0.9583794574228088,62.527887469838845,46.65551213718839,655.1873022085056,316.60979117038437,2.5842693478004737,3.0391903946167633,7.873499922835014,1.2217891915192047,1737567960999291400
705.935284354724,1.0562193475719652,50.77845480401639,46.655524920416354,655.6965071940795,314.1801046547945,2.555055879721871,3.0198290439163515,7.873483112745416,1.362774576301579,1737567961999274500
706.0697472505271,1.0322650842709482,52.31038258235578,46.65553366602105,655.8309700898826,308.9090742922822,2.5273030867100394,3,7.873468025638739,1.335154388129121,1737567962999257600
706.3335486259311,1.0042273643331203,53.54945857204208,46.65554352122704,656.0947714652866,306.9803461958928,2.529485266166487,3,7.873452846840529,1.3534397814234447,1737567963999242500
705.6430641012266,1.0066491076178912,54.26618954646675,46.655554597854454,655.4042869405821,309.8811243677051,2.5030110063593654,3,7.873438206533142,1.3393100339422155,1737567964999227100
705.2145436126739,1.119615626331981,50.397855856930256,46.65556088093114,654.9757664520293,303.09478134466895,2.4778604605267707,3,7.8734226448996205,1.2083159699879291,1737567965999211800
704.7897704262286,1.1891182308906914,48.45126958259446,46.65556066544101,654.5509932655841,288.8969681421446,2.4580139474061258,3.069155774829726,7.873409144271983,1.0109084769309458,1737567966999196400
704.9794489424676,1.0210413379193959,49.827184041144015,46.655575962527585,654.740671781823,306.266235892375,2.435113245284596,3.0950850025568424,7.873392543972576,1.305549190843606,1737567967999182600
705.4466944690794,0.9379212802001252,76.69157305873661,46.6555861028254,655.2079173084348,321.071339052281,2.442630261096916,3,7.873389437561301,0.987551928637336,1737567968999168300
705.7229006169364,0.9850036500789535,70.98253465775244,46.65560086836348,655.4841234562919,342.9633914890495,2.4233660468942935,3,7.873391442931351,1.123534820847326,1737567969999153200
706.1756724091247,1.0464428003563235,68.57014200786763,46.655610692616044,655.9368952484801,343.90212406001416,2.4021977357330906,3,7.87338506533412,1.232106029180539,1737567970999139800
706.1432671826333,1.0371371551703936,58.49036822222798,46.65562405037659,655.9044900219887,340.7786707567221,2.3820878342507794,3,7.873374844100018,1.4187396581112404,1737567971999125200
706.0445330431685,1.0264126187973313,60.401104961008656,46.65563330872832,655.805755882524,350.1412680656914,2.4036564339048203,3,7.873372667989277,1.3681529549016977,1737567972999111700
706.3449812112376,0.9874476343894528,51.234731616564375,46.65564933163787,656.1062040505931,339.7800167572556,2.519685964540066,3,7.8733492737721695,1.5618990305063203,1737567973999098000
706.4887079335749,0.8489276183416052,53.22986658204886,46.65565168936273,656.2499307729304,321.5307356303403,2.563902809241974,3,7.8733256855877745,1.2594784809643813,1737567974999085800
706.9440783597529,1.0240451030895386,63.47877378265613,46.65565827248175,656.7053011991084,322.473487071411,2.7776327580918707,3,7.87330610630015,1.2469288744902909,1737567975999071500
706.9650549432263,1.0147866799364842,69.9342795479164,46.65566343237548,656.7262777825817,321.6940346628861,2.814544024790539,3,7.873287747080066,1.1422739228157361,1737567976999059000
706.8073373036459,1.0055290823230543,63.76634391165073,46.65567229601514,656.5685601430014,323.08608786689246,2.785920123883023,3,7.873270629765536,1.2682536752969793,1737567977999045600
707.2519575431943,1.0527845601082748,60.40636414815359,46.65568211152079,657.0131803825498,326.1359627727165,2.7638959640146954,3,7.87325856676218,1.292033091554419,1737567978999033000
706.9655438615009,1.0022666880717044,67.32802099914642,46.655689869873825,656.7267667008564,326.78006664410634,2.7352877886158145,3,7.873250528571611,1.197963589839247,1737567979999020000
706.8377346368507,0.9919749149293733,55.79556491205549,46.65570152795522,656.5989574762061,320.5512213114196,2.7175827590272803,3,7.873231508416975,1.4369869043869048,1737567980999007200
706.6789096696302,0.9757510164533009,52.67403732771006,46.65571230401135,656.4401325089857,315.98599492973227,2.6817036130700496,3,7.873215784990279,1.4903867959082384,1737567981998995200
706.2082709688693,1.013424243595559,58.98382904362138,46.655717286687306,655.9694938082248,310.5335640137292,2.653962718112818,3,7.8732028281279804,1.2604147916214554,1737567982998982100
706.0693294964731,1.0013761871470748,68.82042875408702,46.65572533734891,655.8305523358285,310.34003762367587,2.6212645832515227,3,7.8731906066703505,1.0998978133830677,1737567983998969600
705.4906526794657,1.05475852391173,63.593567641272706,46.65573435158773,655.2518755188212,310.9485967593282,2.605505308943,3,7.873176474171759,1.1092729863286601,1737567984998957600
704.964006729424,1.0000356076346177,62.982615263412875,46.65573986453936,654.7252295687795,306.1265543025897,2.5752300500806222,3,7.873157515468938,1.1793780599496297,1737567985998945800
705.2895170077682,0.9327382321940983,52.41308200625644,46.65574159616483,655.0507398471236,287.23198746331246,2.550709633353618,3,7.873128975141155,1.4414826986781324,1737567986998934000
705.8226898582652,0.45123944590451354,28.59324427713345,46.655736437930706,655.5839126976207,263.4886882524385,2.5231741693871776,3,7.873107087168797,1.2149830747394488,1737567987998922000
705.380428634584,0.8353229012713769,46.75453785391154,46.65572474866899,655.1416514739394,243.6518808360404,2.497015456811578,3,7.873089787701117,1.4469814922505617,1737567988998909400
705.0756004825234,0.5144648412671304,32.39128793377923,46.65571314699889,654.8368233218789,228.0566964498521,2.4721646836912354,3,7.873077303453392,1.2531296697588727,1737567989998898000
705.1495626745746,0.8883169086561545,53.394458454960876,46.65570484656002,654.91078551393,226.07149061736996,2.448556444917071,3,7.873060678386054,1.3471451808397583,1737567990998886700
704.3465014845133,0.9989917354372431,48.429068801565364,46.655690982270684,654.1077243238688,219.19181058971182,2.426128622219884,3,7.873047060994718,1.550163425538019,1737567991998874000
704.118464522995,0.7888328828563326,48.497331394086125,46.65567990526045,653.8796873623505,206.1505131330634,2.4048221845360396,3,7.873043952508937,1.2406871767802987,1737567992998862800
703.2254292964935,1.0957622242942529,56.740192534795604,46.655668371475144,652.986652135849,203.18810303961172,2.384581086370469,3,7.873037768744968,1.1556831663192026,1737567993998850800
703.1278265882283,1.1087617547579107,66.96051811523843,46.655657827398905,652.8890494275838,200.1943305077276,2.3812080389982397,3,7.8730329262243695,0.9814394795180987,1737567994998839300
702.8036421183497,0.9766637860253239,51.03782822248043,46.655639869179716,652.5648649577051,208.7466000019241,2.362147618575672,3,7.873013597005404,1.4560751021013627,1737567995998827800
702.3634704146534,0.7164831121541396,30.37138731674973,46.65562648225454,652.1246932540089,209.63345970822505,2.3440402204653576,3,7.873000272021548,1.741488768105665,1737567996998816000
702.2864811280742,0.6448294794759991,27.134172319413498,46.65561394058756,652.0477039674297,208.49914923430717,2.3268381970531204,3,7.8729867805555545,1.8420967128072354,1737567997998804500
702.5589570626616,0.638448085489261,28.300842245291786,46.65560521206232,652.3201799020171,218.41007410458778,2.3104962892329057,3,7.872968258479502,1.8142392432847694,1737567998998792200
702.0733946794644,0.5735158252362155,24.151733355414958,46.65559692295355,651.8346175188199,227.0829658488402,2.2949714733739013,3,7.872947266058107,1.8186647917118823,1737567999998780700
701.9196104072034,0.6122262281897299,26.74398215752651,46.65559685689773,651.6808332465589,242.65020122913782,2.2802228969528047,3,7.872922876268036,1.7962531986028658,1737568000998769700
701.6251938557252,0.609157609900045,27.275752339962526,46.65559824456337,651.3864166950807,253.3944813507234,2.2662117504191506,3,7.872899837236322,1.7468082171043702,1737568001998758000
701.402545792982,0.6077634996276718,27.389819895394023,46.65558962369958,651.1637686323375,242.3646037998509,2.2529011552283533,3,7.872884577338061,1.7450793046771214,1737568002998747100
701.1854578508064,0.5848382432177887,26.396939912116004,46.65558331048633,650.9466806901619,238.5048926463359,2.2402560982616873,3,7.872868954572265,1.7448903100892699,1737568003998735600
700.6478676982224,0.6563426899898921,29.17740045655691,46.65557889085949,650.4090905375779,243.60678858669002,2.228243284704119,3,7.872848920481872,1.7305037701599086,1737568004998724400
700.4215219477192,0.5945626302537865,25.938366603828072,46.655580376196774,650.1827447870746,255.81936950107053,2.2168311203340116,3,7.872826904707319,1.7710473641511897,1737568005998712800
700.5296361930668,0.6581862890979236,29.73310493539026,46.65558479415021,650.2908590324223,268.45782330059944,2.2059895663790368,3,7.872805531985678,1.780867792487368,1737568006998701000
699.8411118974909,0.5901657781714709,24.96035331891968,46.65558810495685,649.6023347368464,274.9313799604075,2.195690086180598,3,7.872786526786227,1.7506710489285353,1737568007998690600
699.6086904751137,0.6076882326316361,25.172750088295594,46.65559528384216,649.3699133144692,284.5330370220469,2.185905574994607,3,7.872766389022648,1.7501956917139425,1737568008998679000
699.8692120425403,0.5983945498020271,27.5753654364911,46.65560004932198,649.6304348818958,285.1581828679985,2.1766102975967065,3,7.872746683197376,1.7479286664520817,1737568009998667800
700.5546707641333,0.5622936709251545,25.66433310851102,46.655600490276484,650.3158936034888,279.010847242221,2.167779794003096,3,7.8727279174640445,1.750800487668558,1737568010998656500
700.7302852524444,0.6029325501098247,28.389511930845398,46.65560256358734,650.4915080917999,277.63871047207584,2.1593908073905337,3,7.8727097579292655,1.7209063011409027,1737568011998644500
701.296966150403,0.5749459941791466,26.758131639992634,46.65560580821834,651.0581889897585,278.4826226932265,2.1514212660073437,3,7.87268867497503,1.739527455693905,1737568012998634000
701.2076518042013,0.5221834852652075,23.760958949517256,46.65560752889518,650.9688746435568,281.1654157556153,2.143850199784048,3,7.872669929435051,1.7626903566726018,1737568013998622500
701.3978310385719,0.5541664213353602,25.2291026020161,46.65561222906417,651.1590538779274,284.46614179795745,2.1370222691262173,3,7.8726495684074465,1.7661772293991265,1737568014998611200
701.5539957536384,0.5957661942209087,27.513658541796396,46.655617226118906,651.3152185929939,285.85686697697395,2.1375924774271873,3,7.872631046160447,1.7545639669995579,1737568015998600200
701.3199613261968,0.5465345129361886,24.978617665117063,46.655618536564155,651.0811841655523,280.88837176891525,2.134162329089728,3,7.872611121266188,1.7682482703079114,1737568016998588700
700.9228047057986,0.5650751121692122,24.95399990990085,46.65562033423806,650.6840275451541,280.29663949076985,2.127454205975402,3,7.872592459157847,1.7536105316424204,1737568017998578000
700.7807972850278,0.6005331673085085,27.62725856436358,46.655619851866916,650.5420201243833,276.4159557167895,2.1210814967402443,3,7.872573780971331,1.7245311437534485,1737568018998567000
700.6325980126858,0.5401585331776885,33.017535940087136,46.65562236994982,650.3938208520412,278.6087069499705,2.1150274248957825,3,7.8725598133291275,1.283765865252426,1737568019998556200
700.5905804187059,0.860540057011417,50.75302618385958,46.65562481945244,650.3518032580614,279.88388916838693,2.1092760601325082,3,7.872543175477302,1.3191034108276436,1737568020998544600
700.5711912782863,0.815603818033687,48.303345692311765,46.65563022404489,650.3324141176417,283.5122597095026,2.1038122539996427,3,7.872527075023648,1.3566301747154612,1737568021998532900
700.2804860817268,0.9525049635368401,56.963595617533215,46.65563419990249,650.0417089210823,284.06224590086526,2.0986216396253243,3,7.872511566480411,1.289549444286258,1737568022998522400
700.5362168308347,0.7733596064239249,43.10557654648002,46.65563661486251,650.2974396701902,282.7354906217578,2.0936905527296763,3,7.872489391962372,1.4520205701970474,1737568023998510600
700.2783048329875,0.943476609797241,50.21127024272771,46.65563969039565,650.039527672343,281.90350323314794,2.0890060272343685,3,7.87246940254711,1.4698385038291681,1737568024998499800
700.1258175261319,0.9330495217911771,53.12867632206677,46.65564177665124,649.8870403654873,282.2567091871448,2.084555728081698,3,7.872450980716166,1.4080125112327595,1737568025998488800
700.3925628662109,0.9450856384200674,53.27235952948357,46.65564185485046,650.1537857055664,278.54667099690556,2.080327943213298,3,7.872432283042338,1.3875411348797455,1737568026998477800
700.3046619761735,0.571140745200786,33.06687769245878,46.65563805189647,650.065884815529,268.92239307085737,2.076311547503176,3,7.872414363516288,1.3647775300012999,1737568027998466800
699.9224828025326,0.9274273425001751,64.23769557732886,46.655639892064784,649.6837056418881,271.7106100207929,2.0804426636833457,3,7.872400002035925,1.161042489866378,1737568028998455600
699.339040081948,1.088737256729282,57.75121626746316,46.65563981724926,649.1002629213035,270.69580406166347,2.07642053070664,3,7.872384463184726,1.0751658974155345,1737568029998444500
699.7371269417927,0.8194507447175525,53.47420641381646,46.65563976986762,649.4983497811481,270.8166338864521,2.0959988557520854,3,7.872362257607716,1.2223682523829926,1737568030998433800
699.1665402846411,0.9484106205769789,55.60564756873569,46.655638209559704,648.9277631239966,270.60530291812154,2.0911989058037554,3,7.872338976562663,1.325167052293843,1737568031998422500
699.1877826154232,0.9365349987210958,51.07067714021089,46.65563899624425,648.9490054547787,272.61087661237605,2.086638953552456,3,7.872315717208287,1.4574374250698618,1737568032998410800
699.3861653544009,0.8431894184259985,51.6055360037686,46.65564151399058,649.1473881937563,274.9092660001624,2.082307004476704,3,7.872300077374952,1.3214431665029573,1737568033998400500
699.0707485666499,0.9662853617278387,52.62986866330625,46.65564047101613,648.8319714060053,269.0473423116063,2.093182758857315,3,7.8722794543948575,1.3646676288024,1737568034998389000
699.1814794186503,0.9596688585745484,59.4677753142081,46.65564134977154,648.9427022580057,266.852420195121,2.08852362055581,3,7.872263152329358,1.2238447701995603,1737568036000184300
699.1257848003879,0.9417245493937579,58.928820087804326,46.65564329995013,648.8870076397434,269.8324569025441,2.0840974397640672,3,7.872243857359402,1.2513702203152361,1737568037000196600
698.9367542369291,0.5710465454991948,34.117171258714684,46.65564812092293,648.6979770762846,278.48598209918055,2.0798925656730174,3,7.872224837230054,1.2802880158498715,1737568038000185900
698.4103737259284,0.6186027257851829,32.67062379247837,46.65565050441903,648.1715965652838,280.0969170468844,2.0758979382588656,3,7.8722057508674235,1.3516815289501434,1737568039000189200
698.2201200956479,0.7783528199669933,40.89651401789071,46.65565269182159,647.9813429350033,278.51139820004164,2.0721030422454065,3,7.872185218224596,1.4310780036045043,1737568040000194000
698.2851822935045,0.9490170172311229,54.33135540281077,46.65565522244405,648.04640513286,278.0058940900295,2.068497893409011,3,7.872165760623702,1.3626641459501048,1737568041000169200
697.8800905654207,1.0336637818640495,49.57585560370877,46.65565332705658,647.6413134047762,273.3156879465029,2.07508963791938,3,7.872148035254545,1.2910683433132601,1737568042000167000
698.0045719780028,0.9768433188357355,52.576827418454556,46.65565374305165,647.7657948173583,273.09674845446125,2.071335158043527,3,7.8721266702369395,1.3577867816902294,1737568043000163600
698.1999477138743,0.9468795197347628,49.099050993184385,46.65565622449129,647.9611705532297,274.8831579867546,2.0677684008425157,3,7.87210174502575,1.508540633146403,1737568044000133600
698.2810796033591,0.587329499320213,27.34184690759382,46.655657694219016,648.0423024427146,276.497064591808,2.0643799751428706,3,7.872079540075394,1.7330624438702846,1737568045000126700
698.0543982954696,0.5935653759918472,26.765289692217063,46.65566177825648,647.815621134825,281.81779578455127,2.0713570490149493,3,7.872058633791444,1.7363264136510044,1737568046000118000
697.3724225619808,0.6702571288306025,25.754223645681023,46.65566313945765,647.1336454013363,278.5712736540618,2.0732568982530792,3,7.872040069591448,1.6393566471057015,1737568047000088300
698.068677498959,0.5529958263315318,25.14875589096588,46.655663596459576,647.8299003383145,274.08321111823034,2.08404651670764,3,7.872016906747088,1.7659826961548133,1737568048000080400
697.86840205919,0.5888818575313283,26.960842404699644,46.655668412519084,647.6296248985454,278.5824888480582,2.0798441968873624,3,7.871994705235934,1.7692996060403874,1737568049000074800
697.8108483189717,0.5366796187127282,24.318097361420342,46.65566962643296,647.5720711583272,277.13516884040337,2.0758519852807673,3,7.871973427433614,1.7874826489074402,1737568050000044800
697.7443584715948,0.5640474555282373,25.907740022561875,46.65566893849493,647.5055813109502,275.7095665075805,2.0720593859527043,3,7.871953523213745,1.7626807259732733,1737568051000013800
697.2263044891879,0.6345896095451581,28.423276638982653,46.65566639206403,646.9875273285434,271.5585334608888,2.0684564108880963,3,7.871933698278379,1.7210968813703051,1737568051999985200
696.9030640469864,0.6327483142456225,26.96823062450428,46.65566528689437,646.6642868863419,270.9553876623117,2.0650335807211255,3,7.871914675763161,1.6864550029851804,1737568052999956500
696.8343194993213,0.573597609095218,24.936269040968252,46.65566802403992,646.5955423386768,274.9992246543212,2.061781896162104,3,7.871893924084332,1.7400551619383149,1737568053999929000
696.7468837741762,0.5273719691785499,23.81512641930649,46.65566929318707,646.5081066135317,274.22752361573794,2.0586928005102716,3,7.871872286692859,1.7268884719373125,1737568054999903200
696.6474728733301,0.6626337565353696,28.704422653809317,46.65567145679878,646.4086957126856,276.2549624301914,2.0557581532048004,3,7.871851655108024,1.7243262840014628,1737568055999877400
697.7309227120131,0.6404997439755551,29.763234811122047,46.65567469267489,647.4921455513686,276.4442867049311,2.058890233356033,3,7.871831686063403,1.7420994187110013,1737568056999853600
697.5919626969844,0.581836866736674,26.94480891908312,46.65567034031857,647.3531855363399,269.637081145335,2.0559457267162213,3,7.871812193674902,1.7491958652274657,1737568057999828700
697.6473201205954,0.5676466623650877,26.30074101542946,46.6556625381007,647.4085429599509,258.07291552283675,2.053148454858365,3,7.8717931626110635,1.7487629877166901,1737568058999806000
698.2144907629117,0.5703957946170786,25.98388829252562,46.655652686032944,647.9757136022672,245.06928768586064,2.0660242305373258,3,7.871775974026997,1.7546209347752866,1737568059999783400
698.4426308264956,0.5796602712018137,27.346975496180214,46.655643883927986,648.203853665851,237.93120743128475,2.0627230161135097,3,7.8717610892168,1.7168464169156674,1737568060999761200
698.9707051711157,0.5867923073602173,27.00823054639521,46.655633935742735,648.7319280104712,232.24135268797096,2.059586865171664,3,7.871745417081556,1.7304602915152805,1737568061999739100
699.3941098861396,0.6449511621542734,29.051664536057558,46.655613190030955,649.1553327254951,212.78661720175666,2.0566075363891994,3,7.8717413835479695,1.738593373238995,1737568062999719200
699.0291511463001,0.5277173482570365,24.032929239349908,46.655594967823134,648.7903739856556,194.11967760765762,2.0537771639026605,3,7.8717423784850595,1.7774743717242532,1737568063999697700
698.8622074825689,0.5261940401602063,24.06705504154959,46.655578673993574,648.6234303219244,174.32882315588407,2.077290099292082,3,7.87175279595754,1.7692195260797434,1737568064999677700
698.6855348227546,0.49982703495885356,22.655981139087597,46.65556556311369,648.44675766211,162.16195427144385,2.073425585558165,3,7.871764448714024,1.7806510753904243,1737568065999658800
698.4668516851962,0.6478940696690553,29.468149284496864,46.655554414611615,648.2280745245516,151.91507306086163,2.079557665578844,3,7.87177892672202,1.7613762474123074,1737568066999639000
698.5847460664809,0.5375557605725996,24.482395964658128,46.65554255468323,648.3459689058363,147.86004604872042,2.0874502209126877,3,7.8717912554906135,1.775774246512073,1737568067999620400
698.8799858633429,0.54858489053093,24.825609657453942,46.65553391430403,648.6412087026983,145.9567709379124,2.136053913328308,3,7.8718036145916646,1.787581711143862,1737568068999601700
699.0786943621933,0.5301073794389433,23.634712051189204,46.65552599465516,648.8399172015488,138.42522905221415,2.163086009417231,3,7.871824967913735,1.8016602874755498,1737568069999584000
698.7824628120288,0.6378904194454216,28.247872369205965,46.65551707454012,648.5436856513843,131.86241455588222,2.2070795324290935,3,7.8718471263585545,1.8301181753625824,1737568070999566000
698.498653861694,0.5365561285922406,23.68954073420927,46.655508008078336,648.2598767010495,128.26766553039286,2.221612712984044,3,7.871867226379227,1.8325599483684392,1737568071999548400
698.2106748027727,0.6174515644457754,28.351860721487398,46.655496966415654,647.9718976421282,130.89380647587953,2.2474244984306444,3,7.871878268684684,1.7651655263709203,1737568072999531300
698.0766647541896,0.5339702727492439,24.3309360670382,46.65548183159362,647.837887593545,136.00830881210314,2.235053280065725,3,7.871887047728658,1.7772473630231513,1737568073999514000
698.1658579818904,0.584863794099986,26.486904759802155,46.65546836658728,647.9270808212459,139.49885139002478,2.2233006050559383,3,7.871898584524279,1.7809009065353518,1737568074999498200
697.6995409382507,0.5752525456460872,25.974863398095568,46.65545612978778,647.4607637776062,138.12207631945626,2.267863160267053,3,7.871913290108183,1.7923841725848297,1737568075999481900
697.7666453784332,0.576585436453663,26.21791870037572,46.65544024779601,647.5278682177886,147.19850264272912,2.31452202306962,3,7.871919155300672,1.7824483643421447,1737568076999465500
697.7885080976412,0.5205900689393838,23.60104939477908,46.65543394209513,647.5497309369966,138.11303780476499,2.298795908207217,3.1276470288719285,7.871941288974854,1.7806914039163737,1737568077999448800
697.6357213659212,0.5513771144179294,25.02273164129638,46.65542142334875,647.3969442052767,141.44859974831854,2.2838560965552133,3.2584558157881345,7.871952254162596,1.7848695818556939,1737568078999433000
697.6358880316839,0.5367060602581604,23.890034401857278,46.65540953854446,647.3971108710393,143.8827267736651,2.2889407635693346,3.3197536470920106,7.871961392418624,1.7826583619741205,1737568079999417600
697.5194027377293,0.5274260436923867,23.937279902746955,46.6553999118925,647.2806255770847,143.5630621175246,2.274493727821862,3.2746791789090306,7.871972371826956,1.77940007410743,1737568080999401500
697.6284376559779,0.5766708984279385,26.312905164565723,46.65539065710192,647.3896604953334,142.99636152460195,2.2704863016173618,3.2396621084407764,7.87198417687627,1.7666400523661019,1737568081999386400
697.1720561534166,0.5301780432062201,23.82459806980641,46.65537946407473,646.9332789927721,146.0936301528287,2.256961979567199,3.2298893595061053,7.871994329917576,1.7978812792717165,1737568082999371800
697.0715592447668,0.5798885484699997,26.092847682871945,46.655367718206726,646.8327820841223,148.32535025773612,2.2441138725052876,3.1987184133985544,7.8720047773265,1.7891200907506861,1737568083999356200
696.9001529980451,0.5884796436741556,26.645646208431973,46.65535868433851,646.6613758374006,144.2492901161427,2.2319081892968438,3.16208389831181,7.872018492137578,1.768917970858944,1737568084999341800
696.4782431200147,0.628592821062683,28.53658590021004,46.65534659480986,646.2394659593701,142.92075581650425,2.220312775743119,3.105766559663745,7.872031401281874,1.781083386737159,1737568085999326700
696.5036074668169,0.5742719874148772,26.295817213992287,46.65533450090096,646.2648303061724,144.11366903307726,2.209297130835817,3.089096419799253,7.872043784887698,1.764845248154523,1737568086999312400
696.3908682269976,0.5131388366426072,22.694218432671747,46.65532450196681,646.152091066353,138.09814435693286,2.1988322878393083,3.0950293958778845,7.872063665635058,1.8264807443539155,1737568087999296800
696.2580560036004,0.6073823340848908,27.363469026652037,46.655310200761996,646.0192788429558,142.6638675260901,2.18889068092336,3.0551229471276775,7.872073730694949,1.7985621404404653,1737568088999282200
695.795659317635,0.5342064760327613,23.88523427974332,46.65529728216266,645.5568821569905,147.20713683859145,2.1794461347840106,3.0285174994147552,7.8720823489340574,1.7688745729047,1737568089999268000
695.6909007392824,0.6266395345826671,28.738042345647287,46.655287551750995,645.4521235786378,146.1664240512295,2.1704738220814064,3.0943265564500186,7.872094922388631,1.7255808648906972,1737568090999253500
695.3832711558789,0.5150869321604991,30.76933093848228,46.65528304692815,645.1444939952344,140.47940340120883,2.1619501386470925,3.0902999809622096,7.872104243127332,1.2600060498872254,1737568091999240000
695.5637241518125,0.9592884631877301,76.45872605708642,46.6552768418235,645.324946991168,138.39110485432678,2.153852646528899,3,7.872111231796859,0.993755824086837,1737568092999224800
695.5966380052269,0.9318183126945113,65.79674914859447,46.655268519509946,645.3578608445823,135.73568213755064,2.146160019933723,3,7.872123168028679,1.1287500002166166,1737568093999210500
695.5267051579431,0.5666302763716294,35.517351188055414,46.65526052499141,645.2879279972985,133.28684023719947,2.138852022080859,3,7.872137437783224,1.2732604139046395,1737568094999197000
695.257269250229,1.0230077284703496,59.906913849212486,46.65525373508719,645.0184920895845,129.63536289823583,2.1669259467270963,3,7.872152357295281,1.334375749582025,1737568095999183600
695.2901188824326,1.072183077927324,62.5038665235946,46.655241978115384,645.051341721788,137.9675529210566,2.1585796462521962,3,7.872161511863245,1.385919640666065,1737568096999169000
695.4818604234606,1.0879644991405608,65.84652384945818,46.65523274472868,645.2430832628161,142.82012095710274,2.257525756414396,3,7.872169828299754,1.3100548907488974,1737568097999154700
695.0617115525529,1.033133013583267,69.81912217387425,46.65521838460122,644.8229343919083,152.1862195333987,2.3014770169717096,3,7.87216966802405,1.1966741022875516,1737568098999141600
694.6692933663726,0.7031187161895205,53.406451018177336,46.65521139883414,644.430516205728,150.01086003667615,2.2347325670000715,3,7.872177488229628,0.9880529625677718,1737568099999127300
694.2196087613702,0.8103896311603066,49.52867314306609,46.655199950733135,643.9808316007257,147.44563400162653,2.2229959341018586,3,7.872192192067012,1.1087428256435272,1737568100999114000
694.0327157266438,0.7246995248082699,46.7126004447013,46.655191240840765,643.7939385659993,154.51903475156246,2.2118461313287856,3,7.872195908476861,0.9954197601193431,1737568101999100200
693.4684517933056,1.2836947082771646,69.75003737136524,46.655185795256564,643.229674632661,163.68732868482113,2.2235217209769473,3,7.872200687658878,0.5881968221498481,1737568102999085800
693.3987023429945,1.184600201251008,76.23615371050823,46.65517669769351,643.15992518235,152.27326561321632,2.2123456203022758,3,7.872215746982157,0.76161967040418,1737568103999072500
693.1730814836919,0.8938034814393552,59.2290757473677,46.65516780157059,642.9343043230474,144.87312372432595,2.242079433030523,3,7.872232722760222,0.941949671324956,1737568104999060000
693.2568855155259,0.7131318399243475,42.023151465546576,46.655156894753524,643.0181083548814,139.75707618898699,2.2338807882640697,3.08327325230493,7.872254193063167,1.3496069964371393,1737568105999046000
693.4605045476928,0.6604251619778806,36.411021750731784,46.655143696183806,643.2217273870483,141.03276150867208,2.247848231715583,3.1457266890709175,7.872267921902261,1.446675671349855,1737568106999032600
693.3149163294584,0.9652734612154353,57.8330835070988,46.65513312294471,643.0761391688138,144.72230038991955,2.235455830386602,3,7.872278299952423,1.2876588359370862,1737568107999019300
693.5192312914878,0.9483171825040927,63.660945969671566,46.65512327371067,643.2804541308433,143.88367501803273,2.223683039095666,3,7.872291421809221,1.1895421158477393,1737568108999005400
693.7874352252111,0.8579664488797885,64.28384321016523,46.6551150110596,643.5486580645666,141.11636065173997,2.2160851320156345,3.063368507608912,7.87230349838986,1.081091584282163,1737568109998991600
694.0064099300653,0.9374652479874945,64.31674062166576,46.65510544150031,643.7676327694207,139.45636388487193,2.2052808727383315,3,7.872317409446516,1.180745293113323,1737568110998978000
694.6977080032229,0.9095661701439007,57.185663545718015,46.655091319297966,644.4589308425784,141.4256241842155,2.1950168319833256,3,7.872334373977303,1.28758614961441,1737568111998964700
695.0367275448516,0.9345914601104488,51.51427759089392,46.655076803872866,644.7979503842071,144.449360133094,2.185266005521654,3,7.8723492810474855,1.4653494185069127,1737568112998951400
694.3949974607676,0.9242646205633858,47.71160651932669,46.65506863557295,644.1562203001231,142.272053131013,2.17600270660455,3,7.8723605480731695,1.266744571491201,1737568113998938600
694.2508939970285,0.7932391720829333,38.74352327380071,46.6550541604523,644.0121168363839,147.53273504753489,2.167202569043342,3,7.872371974473265,1.4552818344647236,1737568114998925000
694.7589990859851,0.5585392921299924,31.929328130819187,46.65504465188213,644.5202219253406,143.23193013152408,2.158842443464776,3,7.8723854341602335,1.4064436259075126,1737568115998911700
695.2215562509373,0.6180750979239273,34.880102798461934,46.65503365126369,644.9827790902928,142.07288348964775,2.1509003331787198,3,7.87240026148421,1.4296463878065944,1737568116998898400
695.702142466791,0.626249713302961,34.425837444972615,46.65502162523761,645.4633653061464,140.78929243362015,2.1433553248606434,3,7.872414756909577,1.46819303861527,1737568117998885000
695.8547752108425,0.9287770116676809,53.42484882905227,46.65501175923403,645.615998050198,137.7247296669265,2.136187561003693,3,7.872429534133713,1.397466249851689,1737568118998872300
695.6160363899544,0.776190447021409,42.58181287422515,46.65499851418699,645.3772592293099,140.53138064805995,2.129378180294306,3,7.872440945318165,1.4573633296306412,1737568119998859000
695.4204643042758,0.9442331795139185,51.543291067593685,46.654986123208644,645.1816871436313,144.97687777941834,2.1229092671195104,3,7.872451064462048,1.438994095655781,1737568120998845000
695.1749701118097,0.9400756138867995,61.43949679528013,46.65497895539956,644.9361929511651,141.72085564096102,2.1167638052327615,3,7.8724628143683555,1.2279606712700275,1737568121998831900
695.0061932988465,0.9386137997267332,59.75872470826488,46.65496894411438,644.767416138202,139.7242660835389,2.1172202323981852,3,7.87247828474888,1.2625951772083022,1737568122998819000
695.1388910394162,0.9400963300857058,50.92745226258952,46.6549558599004,644.9001138787717,138.65549807749935,2.1113592200387834,3,7.872495594948016,1.495789218232449,1737568123998805000
694.9567378628999,0.8685471403615512,44.72435467029717,46.65494058710055,644.7179607022554,144.9689965187654,2.1517947212613753,3,7.872504295000033,1.5733080518650717,1737568124998792200
694.4895486626774,0.5965920333119757,28.4997674957016,46.65492880815386,644.2507715020329,146.890528199591,2.1442049853659224,3,7.872513644076733,1.6785577976996144,1737568125998779600
693.93365099933,0.6058364303395626,27.30930940569637,46.65491917234227,643.6948738386855,142.95093686689265,2.1369947255160247,3,7.872529793351509,1.6691562618629279,1737568126998766300
694.3106877831742,0.5304811474067137,25.00820026215712,46.65490855317412,644.0719106225297,138.22893111444938,2.1301449889934614,3,7.872549212827349,1.713506271086988,1737568127998753500
694.8579639941454,0.5193736025670552,24.14463337846287,46.654897402205975,644.6191868335009,138.3683693508514,2.123637747270789,3,7.872565531239758,1.716051771251208,1737568128998740500
694.723749072291,0.5251352743022987,24.314862371115087,46.65488084137583,644.4849719116464,145.02917296524234,2.117455860749857,3,7.8725707610258,1.739895502359421,1737568129998727000
694.7755546877161,0.4876974523861439,22.462897785970483,46.654866977786575,644.5367775270715,149.0417612799578,2.111583069100444,3,7.872580570812905,1.7524226518710067,1737568130998713600
694.5962608680129,0.5595951884482869,25.885606991012214,46.65485347803192,644.3574837073684,147.55696067998267,2.1060039151269407,3,7.872591671889229,1.7432681606019742,1737568131998699800
694.488396066241,0.5483502331737163,25.233098188858136,46.65484329733141,644.2496189055964,146.019881722691,2.1007037177621575,3,7.872606904599962,1.7593466674870806,1737568132998687700
694.3691323827952,0.5751352315646998,26.57511873183795,46.65483686953256,644.1303552221507,139.41582283771984,2.0956685307326857,3,7.872626803004178,1.748096445416865,1737568133998674000
694.0647317273542,0.5215935873441394,23.946811742010425,46.65482701369711,643.8259545667097,138.52738193420274,2.0908851053965978,3,7.872641445046179,1.7533147366712867,1737568134998661000
693.9377181166783,0.5048951088799508,23.125807956248178,46.65481694068264,643.6989409560338,137.58373394203116,2.086340847164228,3,7.87265803999221,1.763427080780683,1737568135998647600
693.7279334682971,0.5462004633487912,25.16861535811823,46.6548092314864,643.4891563076526,132.8535665592593,2.0820238080880675,3,7.872676807316575,1.757713840963122,1737568136998634800
693.4502369062975,0.5316099683584021,24.27198697137781,46.654797587706355,643.211459745653,137.58328652671756,2.0779226129623294,3,7.87268869117,1.7537856882848744,1737568137998622000
693.3893057741225,0.5756408387127658,26.01441423648456,46.654785895368654,643.150528613478,142.1932607727853,2.0941433976598,3,7.872700027891229,1.7378559401784635,1737568138998609000
692.9856038428843,0.5359501078281779,23.820091308814057,46.65477481407137,642.7468266822398,147.5210247124658,2.0894362210127437,3,7.872708342030773,1.7242185286436225,1737568139998594800
692.7450695028529,0.5725682537118725,25.71485406772841,46.6547627241036,642.5062923422083,152.16528762254626,2.0849644099628004,3,7.8727152295229645,1.69944895448573,1737568140998581800
692.6073249904439,0.5540755979203691,24.195170873534792,46.654748278241264,642.3685478297994,160.89293440894218,2.0948930047425582,3,7.872717804128051,1.7159879555008208,1737568141998568400
692.367890083231,0.5950076499318708,25.594961979646104,46.65473433176179,642.1291129225865,172.79736951999226,2.0901483451541316,3,7.872713891684472,1.6972468146236666,1737568142998555600
692.3747211201116,0.6144766394895194,28.23743105204669,46.654721533330914,642.1359439594671,173.16582530071574,2.0856409276502417,3,7.872716930164077,1.7239547863885898,1737568143998543000
692.1119403857738,0.5647236956490334,25.803807558593597,46.65470756799203,641.8731632251292,179.23327480837366,2.081358880618313,3,7.872713835465718,1.742960375863518,1737568144998529500
691.5645137354732,0.60537808630765,26.11530685259294,46.65469445400495,641.3257365748286,186.97937822985634,2.077290925314266,3,7.872707122587804,1.7202523344368266,1737568145998516500
691.5363747309893,0.574611931860246,25.628051538634725,46.654680567112436,641.2975975703448,197.0307822361438,2.07342637775376,3,7.872695662862144,1.7615711019242972,1737568146998503200
691.6449818257242,0.5384209541861539,25.02795064056382,46.654667860623256,641.4062046650797,196.3818354438652,2.0697550611844737,3.0269912377712145,7.872690517391391,1.7327282454278317,1737568147998490400
691.6766886115074,0.4927198040470206,22.75171606763947,46.654654006339236,641.4379114508629,193.86736397361202,2.066267316946866,3,7.872687234879272,1.7464007241346586,1737568148998477000
691.0380525905639,0.4775130263720912,20.635061857848346,46.65464093675638,640.7992754299194,197.00678705989745,2.0852884226784254,3,7.872678700336469,1.7195934960104318,1737568149998464500
691.2593994755298,0.5021845196304527,22.72707054394843,46.65462719871655,641.0206223148853,197.57610563758672,2.0810239969020734,3,7.872671945998802,1.7524540335490104,1737568150998451200
690.7619809424505,0.6293655400419221,26.828021709479525,46.6546150794418,640.5232037818059,200.86062337730874,2.123708851711193,3,7.872663943733125,1.7208444054494296,1737568151998438700
691.1606038808823,0.6228118527969584,28.659116028293212,46.654602579028534,640.9218267202377,203.8418310377769,2.117523409134587,3,7.872653169173752,1.7435369417138749,1737568152998425000
690.64447908476,0.5227536854755215,22.24787412516808,46.654592344493516,640.4057019241154,208.36351593742924,2.1197506690365593,3,7.8726414463691405,1.729805604288548,1737568153998411800
690.6906686462462,0.5506979432684286,24.446570884747985,46.65457950672809,640.4518914856017,208.3078127267816,2.1137631295313404,3,7.872631718302623,1.7470309897626484,1737568154998399200
690.6397015834227,0.5097993192366077,22.673573166738205,46.65456782425525,640.4009244227782,208.38020286330837,2.1394648232308966,3,7.87262090971261,1.7507002472169724,1737568155998386000
690.8971909480169,0.538769278190481,24.744290644678117,46.6545557534699,640.6584137873724,210.0580261027162,2.1455125321624,3,7.872608381944594,1.7632814352136876,1737568156998372400
691.0885218912736,0.5295749295572004,24.141163625407614,46.65454277155846,640.849744730629,208.3738425478189,2.152794492140629,3,7.872598177793762,1.776586825458892,1737568157998359800
691.3812084384263,0.5133097703835715,23.51835995057128,46.65453280193344,641.1424312777817,214.72727209566892,2.1451547638497646,3,7.872581741278837,1.7676071842227334,1737568158998346200
691.1324603054672,0.5557648478322668,24.910758721041553,46.654520278849304,640.8936831448227,211.84460527193337,2.1378970299659654,3,7.872572584372001,1.759623792642837,1737568159998333400
691.033210256137,0.5655592642265974,24.53934745548408,46.65450827083103,640.7944330954924,210.18588772871948,2.1310021683780622,3,7.872561816593329,1.7491740546094705,1737568160998321000
690.5349665740505,0.6136544228142042,26.099857296814832,46.654499579894356,640.296189413406,214.9859920479359,2.1653554621690847,3,7.872548173782369,1.699434188418966,1737568162000104700
689.9744361508638,0.6952817943641774,27.767896902742386,46.65448480847862,639.7356589902192,203.29424606993462,2.1570876808796875,3,7.872546143699128,1.658146475024052,1737568163000114400
690.2040623882785,0.6299204147537055,27.971837516497363,46.65447079583962,639.965285227634,197.8746351813773,2.1492332986486176,3,7.8725437449448625,1.7367141524624135,1737568164000097300
690.1891630478203,0.5751330914428587,26.089860283866376,46.654457941894016,639.9503858871758,200.92325710704708,2.1417716370221154,3,7.8725355447987,1.7732204540662402,1737568165000098800
689.1446342198178,0.6446373642688611,26.929300428012965,46.6544444630536,638.9058570591733,195.55572196863608,2.135702307469986,3,7.872535201475982,1.7260997001160654,1737568166000098800
689.1802489049733,0.6392234471000605,28.070825349109217,46.65443026503147,638.9414717443287,195.28653189129034,2.1289171906023343,3,7.8725296895335175,1.7609160304032272,1737568167000073700
689.0143013866618,0.5428315642744727,23.251752825260994,46.65441681029895,638.7755242260173,196.58157134886406,2.1224713246206566,3,7.8725238901774945,1.8001938500188293,1737568168000070400
688.9773463951424,0.6078303558386489,27.825140723709243,46.65440368776799,638.7385692344978,189.07266292761693,2.116347760735723,3,7.872524854026688,1.7509204808086984,1737568169000066800
688.6599409962073,0.5764981636070233,25.659896320630192,46.654391102915895,638.4211638355628,184.36114483395576,2.110530376842164,3,7.872525639044273,1.7594373778243064,1737568170000039700
688.8267316417769,0.5473643768233695,24.79261280804127,46.65437682728634,638.5879544811323,172.31082328260206,2.1050038622675706,3,7.87253576623603,1.781434427128124,1737568171000033800
688.8845129609108,0.5909539741584965,26.94320720336917,46.654364574817286,638.6457358002663,157.43550275549748,2.0997536771395797,3,7.872552597977016,1.7709010072467315,1737568172000029200
688.9024564316496,0.5410715178157672,24.2232512992707,46.65435471979957,638.6636792710051,146.151896206575,2.1009687251347295,3,7.872571008430998,1.7801144626083336,1737568173000000500
688.5366485826671,0.5307859190310422,23.177923556955342,46.65434589115547,638.2978714220226,142.8720411271715,2.0959202879744585,3,7.8725874970117,1.7712098738918898,1737568173999994000
688.5648398883641,0.6346900976769367,28.604333221802893,46.65433520393429,638.3260627277195,145.99773582241573,2.0911242721208545,3,7.872598596714065,1.729843678734658,1737568174999989000
688.5537864873186,0.6299209404701274,28.649621825263456,46.65432366440442,638.315009326674,151.10508613551085,2.0953084337263066,3,7.872608176979657,1.7353313986627885,1737568175999959000
688.4270274676383,0.5402565397357696,24.500060694401537,46.65431479038169,638.1882503069937,145.25252789009113,2.0905430212245273,3,7.872625662177391,1.7732804303863101,1737568176999929900
688.5717841060832,0.5554090025769746,25.18208597029623,46.65430424926059,638.3330069454387,143.89222244081503,2.0860158780466187,3,7.872638971357945,1.7833276027411593,1737568177999900700
688.1722976015881,0.5915518494785197,27.27356279712414,46.65429444943752,637.9335204409435,144.15584262784796,2.0817150846515355,3,7.872649911697322,1.72187310001229,1737568178999873000
688.2270512888208,0.6014419277727838,27.688985494096404,46.65428477489657,637.9882741281763,140.87563864429123,2.07762933247936,3,7.8726649275439735,1.7512922020287707,1737568179999846100
687.8969919793308,0.547630725790646,24.950044071710085,46.65427480854309,637.6582148186862,143.32892907384215,2.0838644954013406,3,7.872675051180729,1.7417286996973258,1737568180999819800
687.9932274371386,0.6288990616312016,29.5483647285204,46.65426591862514,637.754450276494,140.30177606084487,2.079671278089934,3,7.8726889655287255,1.7235878296155804,1737568181999794400
687.8720194492489,0.6557140928481119,31.30210041010599,46.65425661441067,637.6332422886044,138.56450736747703,2.079465009819443,3,7.872700880559843,1.692866237548448,1737568182999769600
687.8328831726685,0.536471976274825,24.481151519465705,46.654244140195274,637.594106012024,142.96083246920597,2.075491751997054,3,7.872710882640012,1.7722213538052702,1737568183999745300
687.5186665523797,0.5656998570567351,25.999358169658997,46.65423491145929,637.2798893917352,141.06832237387718,2.071717165803246,3,7.872724179703278,1.7579369126234732,1737568184999722000
687.3001562720165,0.5798119482984812,26.511716396523088,46.654225278841174,637.0613791113719,142.3120571406369,2.0738980670195,3,7.8727371141524936,1.7528380279786009,1737568185999699000
686.9955175928771,0.6477556219381571,28.655159977884328,46.65421908682483,636.7567404322326,135.11677632243627,2.091145735491066,3,7.872753697780567,1.7209238514184775,1737568186999676700
686.9662092812359,0.6153458484251219,28.743783755511583,46.654211154853385,636.7274321205914,131.89043891344804,2.1072746920562144,3,7.872767197265282,1.7003745913350297,1737568187999654400
687.0628248685971,0.436092722514833,28.612904950803323,46.65420544195029,636.8240477079526,131.10710386460244,2.1019109582490416,3,7.872776442081327,1.2346596634446152,1737568188999633000
687.0941011579707,0.9132556138951241,63.560121932679884,46.65419770689773,636.8553239973262,135.766583880405,2.0968154078717167,3,7.872784097761924,1.163505338817465,1737568189999612000
686.7600179994479,0.9585663453044196,65.8752057734893,46.654189525619394,636.5212408388034,141.23619072772712,2.091974630810195,3,7.872789034965407,1.1040050361731892,1737568190999592000
686.9983853846788,0.6293804504354311,40.98417674459632,46.65418025786369,636.7596082240343,136.84231961981834,2.087375899193003,3,7.872802621657683,1.232748838258529,1737568191999571200
686.9949729926884,0.9413033732249179,57.46610267553145,46.65417136811893,636.7561958320439,134.33851579471812,2.083007106395758,3,7.872816770651999,1.2855106473654547,1737568192999551700
687.0186469387263,0.8016189537685575,46.43781966902268,46.65416243760509,636.7798697780818,136.04930245648669,2.0869953127801404,3,7.8728293526530635,1.3177402875477655,1737568193999531500
687.027207992971,0.952690448269122,55.57783171880387,46.6541520453531,636.7884308323264,140.47286576604787,2.1607397298229687,3,7.872838831493825,1.3304380379593308,1737568194999512300
686.579673897475,0.9894176336824095,57.764440004191606,46.654144616868855,636.3408967368305,141.7987201813011,2.152702741463272,3,7.872847690520935,1.2056214492526716,1737568195999492900
686.7243452323601,0.8647610454971578,49.929815843451706,46.654134354053724,636.4855680717155,137.1595689153235,2.190713121048804,3,7.872862736306672,1.3457527773798632,1737568196999475200
686.8679911121726,0.8148658952997884,53.849406827955505,46.654124370659616,636.6292139515281,134.71412830030457,2.1977119804455634,3,7.872873425739961,1.2061065693879,1737568197999456800
686.6327338358387,0.7833091574509085,45.76421676067964,46.65411614426919,636.3939566751942,134.0743207689313,2.2599528796136252,3,7.872886602909568,1.2836856828493837,1737568198999438300
686.1675807535648,0.7985385429581457,44.10862548013204,46.65410525872771,635.9288035929203,140.9173539857677,2.280299795123489,3,7.8728944091394055,1.2781889316259014,1737568199999419600
685.9293506341055,0.6085924904187439,43.09317047899384,46.65409944314083,635.690573473461,133.99822779729482,2.3123520623768927,3,7.87290257191577,1.0980025266704276,1737568200999402500
685.6778811691329,0.9097318419308119,43.78237523210523,46.65408539515245,635.4391040084884,135.79385415491012,2.3036922881234827,3,7.87292383530871,1.5196464433309205,1737568201999384300
